nome;endereco;cep
Rodrigo Rodrigues;Av. Paulista, 1287, Vila Mariana, São Paulo - SP;84816-671
Mariana Gomes;Rua São João, 1013, Barra da Tijuca, Curitiba - PR;56313-209
Renata Santos;Rua das Flores, 2471, Copacabana, Belo Horizonte - MG;93597-886
Renata Santos;Rua Amazonas, 400, Vila Mariana, São Paulo - SP;29653-569
Lucas Silva;Av. Rio Branco, 2653, Moema, Curitiba - PR;69317-249
Carlos Ferreira;Rua da Consolação, 341, Savassi, Salvador - BA;81358-336
Felipe Pereira;Rua Dom Pedro, 1149, Vila Mariana, Porto Alegre - RS;33094-127
Lucas Costa;Av. Rio Branco, 1199, Batel, Porto Alegre - RS;23767-643
Paula Almeida;Av. Rio Branco, 2821, Copacabana, Porto Alegre - RS;32780-245
Isabela Rodrigues;Av. Paulista, 717, Jardim Paulista, Salvador - BA;29128-702
Mateus Ferreira;Rua São João, 964, Jardim Paulista, Porto Alegre - RS;86870-834
Camila Pereira;Av. Independência, 227, Batel, Curitiba - PR;67879-626
Carlos Ferreira;Rua das Flores, 114, Moema, Rio de Janeiro - RJ;88855-128
Julia Souza;Rua Dom Pedro, 1333, Barra da Tijuca, Curitiba - PR;58798-459
Isabela Rodrigues;Rua da Consolação, 2643, Moema, Salvador - BA;51245-889
Lucas Souza;Av. Brasil, 600, Centro, São Paulo - SP;91848-302
Rodrigo Pereira;Rua Dom Pedro, 498, Moema, São Paulo - SP;12358-830
Marcos Silva;Av. Brasil, 2375, Pinheiros, Salvador - BA;80386-437
Ana Souza;Rua São João, 2992, Jardim Paulista, Porto Alegre - RS;52627-858
Camila Souza;Rua São João, 1663, Centro, Salvador - BA;32514-600
Rodrigo Silva;Rua Amazonas, 1398, Savassi, São Paulo - SP;55234-253
Renata Rodrigues;Rua São João, 1633, Centro, Curitiba - PR;97442-160
Mateus Almeida;Av. Paulista, 1679, Moema, Porto Alegre - RS;89812-783
João Gomes;Av. Rio Branco, 506, Copacabana, São Paulo - SP;39972-581
Renata Almeida;Rua da Consolação, 632, Jardim Paulista, Belo Horizonte - MG;80850-185
João Costa;Av. Rio Branco, 358, Moema, Curitiba - PR;77712-535
Aline Souza;Rua Dom Pedro, 1742, Boa Viagem, Rio de Janeiro - RJ;11704-467
Fernanda Santos;Rua XV de Novembro, 2761, Boa Viagem, Porto Alegre - RS;44368-736
Renata Silva;Rua da Consolação, 1324, Pinheiros, Rio de Janeiro - RJ;89776-100
Mateus Almeida;Rua da Consolação, 1849, Copacabana, Belo Horizonte - MG;75412-115
Carlos Santos;Rua São João, 927, Savassi, Rio de Janeiro - RJ;10147-463
Carlos Pereira;Rua Amazonas, 985, Boa Viagem, Curitiba - PR;60202-371
Larissa Gomes;Rua da Consolação, 758, Vila Mariana, Rio de Janeiro - RJ;88387-633
Julia Pereira;Rua das Flores, 147, Barra da Tijuca, Porto Alegre - RS;55577-618
Lucas Ferreira;Av. Independência, 102, Moema, São Paulo - SP;96958-958
Gabriel Souza;Rua Amazonas, 2102, Vila Mariana, Belo Horizonte - MG;17977-380
Mariana Gomes;Rua São João, 2809, Moema, São Paulo - SP;47284-883
Mateus Souza;Rua XV de Novembro, 2697, Vila Mariana, Porto Alegre - RS;83210-776
Rodrigo Pereira;Av. Brasil, 1691, Vila Mariana, Rio de Janeiro - RJ;58424-623
João Ferreira;Rua das Flores, 2862, Copacabana, Belo Horizonte - MG;14735-589
Carlos Costa;Rua São João, 249, Savassi, São Paulo - SP;41060-989
Larissa Almeida;Av. Rio Branco, 2003, Barra da Tijuca, São Paulo - SP;75455-726
Fernanda Rodrigues;Av. Paulista, 941, Vila Mariana, São Paulo - SP;96737-548
Mateus Oliveira;Rua Amazonas, 2154, Barra da Tijuca, São Paulo - SP;86159-231
Rodrigo Souza;Av. Brasil, 2436, Savassi, Curitiba - PR;65752-938
Camila Gomes;Av. Rio Branco, 2367, Copacabana, Curitiba - PR;21462-315
Julia Gomes;Rua Dom Pedro, 1581, Jardim Paulista, Belo Horizonte - MG;23118-198
Fernanda Santos;Av. Brasil, 824, Barra da Tijuca, Belo Horizonte - MG;64124-690
João Ferreira;Rua Amazonas, 1173, Boa Viagem, São Paulo - SP;94744-539
Fernanda Rodrigues;Av. Paulista, 1849, Batel, Rio de Janeiro - RJ;14868-866
Camila Costa;Av. Rio Branco, 299, Vila Mariana, Curitiba - PR;83206-972
Aline Pereira;Rua das Flores, 1838, Barra da Tijuca, São Paulo - SP;75581-414
Paula Oliveira;Rua Amazonas, 596, Copacabana, Curitiba - PR;47870-884
Paula Pereira;Rua São João, 549, Vila Mariana, Belo Horizonte - MG;84034-481
João Santos;Av. Paulista, 2697, Savassi, Salvador - BA;91178-236
Aline Silva;Rua XV de Novembro, 789, Barra da Tijuca, Salvador - BA;26399-847
Lucas Santos;Rua XV de Novembro, 2435, Moema, Salvador - BA;90385-267
Felipe Gomes;Av. Independência, 1849, Jardim Paulista, Rio de Janeiro - RJ;34313-493
Ana Santos;Av. Brasil, 2418, Batel, Belo Horizonte - MG;20503-202
Camila Rodrigues;Av. Independência, 771, Moema, Rio de Janeiro - RJ;82073-101
Paula Almeida;Rua São João, 1827, Savassi, Belo Horizonte - MG;43250-716
Camila Ferreira;Rua XV de Novembro, 381, Barra da Tijuca, Porto Alegre - RS;93213-307
Lucas Gomes;Rua Amazonas, 1746, Barra da Tijuca, Salvador - BA;74137-904
Paula Santos;Rua XV de Novembro, 2614, Boa Viagem, Belo Horizonte - MG;97723-215
Julia Santos;Av. Rio Branco, 1984, Barra da Tijuca, Porto Alegre - RS;91827-741
Camila Gomes;Rua das Flores, 105, Centro, São Paulo - SP;94438-688
Renata Souza;Rua São João, 715, Savassi, Porto Alegre - RS;73823-623
Isabela Costa;Rua São João, 1838, Copacabana, Curitiba - PR;54535-780
Mateus Costa;Rua XV de Novembro, 1425, Savassi, Curitiba - PR;83487-289
Thiago Santos;Av. Paulista, 1934, Moema, Belo Horizonte - MG;58917-445
Felipe Ferreira;Rua São João, 1266, Centro, São Paulo - SP;99768-494
Camila Almeida;Av. Paulista, 1102, Copacabana, Curitiba - PR;56219-714
Isabela Souza;Rua XV de Novembro, 492, Barra da Tijuca, Rio de Janeiro - RJ;23093-128
João Rodrigues;Av. Paulista, 864, Batel, Belo Horizonte - MG;99371-135
Aline Rodrigues;Av. Independência, 1891, Centro, Porto Alegre - RS;99937-344
Mariana Costa;Rua XV de Novembro, 2312, Vila Mariana, Rio de Janeiro - RJ;59134-197
Gabriel Oliveira;Rua Dom Pedro, 480, Batel, Curitiba - PR;52857-142
Marcos Costa;Rua XV de Novembro, 1054, Pinheiros, São Paulo - SP;58612-801
Bruno Rodrigues;Av. Brasil, 1380, Barra da Tijuca, Rio de Janeiro - RJ;56595-432
Mariana Gomes;Av. Independência, 1926, Vila Mariana, São Paulo - SP;87893-159
Fernanda Souza;Rua das Flores, 1840, Pinheiros, Rio de Janeiro - RJ;32107-597
Marcos Silva;Rua Amazonas, 1778, Batel, Porto Alegre - RS;70442-565
Mariana Oliveira;Rua Amazonas, 1963, Batel, Belo Horizonte - MG;32297-383
Gabriel Oliveira;Av. Paulista, 1587, Copacabana, Porto Alegre - RS;97159-867
Carlos Silva;Rua da Consolação, 2934, Centro, Belo Horizonte - MG;80799-309
João Silva;Rua Dom Pedro, 186, Moema, Porto Alegre - RS;77356-408
Larissa Ferreira;Rua XV de Novembro, 172, Barra da Tijuca, Curitiba - PR;52546-833
Marcos Silva;Rua São João, 2885, Boa Viagem, Rio de Janeiro - RJ;67745-771
Ana Santos;Av. Independência, 269, Jardim Paulista, Rio de Janeiro - RJ;92829-526
Mariana Almeida;Av. Independência, 2313, Moema, Porto Alegre - RS;21292-982
Carlos Rodrigues;Av. Independência, 928, Jardim Paulista, Salvador - BA;45954-779
Bruno Silva;Rua da Consolação, 2197, Moema, Curitiba - PR;10653-480
Camila Oliveira;Rua das Flores, 2599, Vila Mariana, Curitiba - PR;62791-480
Thiago Costa;Rua Amazonas, 1525, Moema, Belo Horizonte - MG;83241-875
Rodrigo Almeida;Av. Rio Branco, 2961, Pinheiros, São Paulo - SP;75360-201
Aline Costa;Rua XV de Novembro, 2358, Pinheiros, Rio de Janeiro - RJ;16072-900
Marcos Pereira;Rua XV de Novembro, 2396, Centro, Curitiba - PR;17031-674
Fernanda Oliveira;Rua XV de Novembro, 1650, Centro, Belo Horizonte - MG;18492-840
Isabela Ferreira;Rua XV de Novembro, 1811, Moema, Curitiba - PR;31159-883
Carlos Costa;Rua São João, 1807, Pinheiros, Belo Horizonte - MG;42823-521
